datetime,portfolio_value,cash,positions,return
2022-12-15 09:30:00-05:00,100000.0,100000.0,"[{'asset': USD, 'quantity': 100000.0}]",
2022-12-16 09:30:00-05:00,99908.80004882812,96057.00012207031,"[{'asset': USD, 'quantity': 96057.00012207031}, {'asset': SPY, 'quantity': 10.0}]",-0.0009119995117187196
2022-12-17 09:30:00-05:00,99908.80004882812,96057.00012207031,"[{'asset': USD, 'quantity': 96057.00012207031}, {'asset': SPY, 'quantity': 10.0}]",0.0
2022-12-19 09:30:00-05:00,99909.51013427734,96074.81012207031,"[{'asset': USD, 'quantity': 96074.81012207031}, {'asset': SPY, 'quantity': 10.0}]",7.107336379430507e-06
2022-12-20 09:30:00-05:00,99867.11023193359,96074.81012207031,"[{'asset': USD, 'quantity': 96074.81012207031}, {'asset': SPY, 'quantity': 10.0}]",-0.0004243830470869181
2022-12-21 09:30:00-05:00,99907.31012207031,96074.81012207031,"[{'asset': USD, 'quantity': 96074.81012207031}, {'asset': SPY, 'quantity': 10.0}]",0.00040253382763721923
2022-12-22 09:30:00-05:00,99905.31,96074.81012207031,"[{'asset': USD, 'quantity': 96074.81012207031}, {'asset': SPY, 'quantity': 10.0}]",-2.0019777010049644e-05
2022-12-23 09:30:00-05:00,99871.31006103515,96074.81012207031,"[{'asset': USD, 'quantity': 96074.81012207031}, {'asset': SPY, 'quantity': 10.0}]",-0.00034032164020958433
2022-12-24 09:30:00-05:00,99871.31006103515,96074.81012207031,"[{'asset': USD, 'quantity': 96074.81012207031}, {'asset': SPY, 'quantity': 10.0}]",0.0
2022-12-27 09:30:00-05:00,99902.71020751953,96074.81012207031,"[{'asset': USD, 'quantity': 96074.81012207031}, {'asset': SPY, 'quantity': 10.0}]",0.00031440607382826613
2022-12-28 09:30:00-05:00,99888.10998779297,96074.81012207031,"[{'asset': USD, 'quantity': 96074.81012207031}, {'asset': SPY, 'quantity': 10.0}]",-0.00014614438083049297
2022-12-29 09:30:00-05:00,99871.11017089844,96074.81012207031,"[{'asset': USD, 'quantity': 96074.81012207031}, {'asset': SPY, 'quantity': 10.0}]",-0.00017018859298278954
2022-12-30 09:30:00-05:00,99881.21026855469,96074.81012207031,"[{'asset': USD, 'quantity': 96074.81012207031}, {'asset': SPY, 'quantity': 10.0}]",0.0001011313245538048
2022-12-31 09:30:00-05:00,99881.21026855469,96074.81012207031,"[{'asset': USD, 'quantity': 96074.81012207031}, {'asset': SPY, 'quantity': 10.0}]",0.0
2023-01-03 09:30:00-05:00,99918.51007324219,96074.81012207031,"[{'asset': USD, 'quantity': 96074.81012207031}, {'asset': SPY, 'quantity': 10.0}]",0.0003734416572167554
2023-01-04 09:30:00-05:00,99906.61004882812,96074.81012207031,"[{'asset': USD, 'quantity': 96074.81012207031}, {'asset': SPY, 'quantity': 10.0}]",-0.00011909729644021816
2023-01-05 09:30:00-05:00,99892.01013427734,96074.81012207031,"[{'asset': USD, 'quantity': 96074.81012207031}, {'asset': SPY, 'quantity': 10.0}]",-0.00014613562149334847
2023-01-06 09:30:00-05:00,99900.90997558594,96074.81012207031,"[{'asset': USD, 'quantity': 96074.81012207031}, {'asset': SPY, 'quantity': 10.0}]",8.909462625328324e-05
2023-01-07 09:30:00-05:00,99900.90997558594,96074.81012207031,"[{'asset': USD, 'quantity': 96074.81012207031}, {'asset': SPY, 'quantity': 10.0}]",0.0
2023-01-09 09:30:00-05:00,99978.51007324219,96074.81012207031,"[{'asset': USD, 'quantity': 96074.81012207031}, {'asset': SPY, 'quantity': 10.0}]",0.000776770678817762
2023-01-10 09:30:00-05:00,99947.31012207031,96074.81012207031,"[{'asset': USD, 'quantity': 96074.81012207031}, {'asset': SPY, 'quantity': 10.0}]",-0.00031206657459703635
2023-01-11 09:30:00-05:00,99997.11023193359,96074.81012207031,"[{'asset': USD, 'quantity': 96074.81012207031}, {'asset': SPY, 'quantity': 10.0}]",0.0004982636331329893
2023-01-12 09:30:00-05:00,100041.51025634765,96074.81012207031,"[{'asset': USD, 'quantity': 96074.81012207031}, {'asset': SPY, 'quantity': 10.0}]",0.0004440130750886784
2023-01-13 09:30:00-05:00,100011.01007324219,96074.81012207031,"[{'asset': USD, 'quantity': 96074.81012207031}, {'asset': SPY, 'quantity': 10.0}]",-0.00030487527654587954
2023-01-14 09:30:00-05:00,100011.01007324219,96074.81012207031,"[{'asset': USD, 'quantity': 96074.81012207031}, {'asset': SPY, 'quantity': 10.0}]",0.0
2023-01-17 09:30:00-05:00,100059.61023193359,96074.81012207031,"[{'asset': USD, 'quantity': 96074.81012207031}, {'asset': SPY, 'quantity': 10.0}]",0.0004859480836740815
2023-01-18 09:30:00-05:00,100064.91021972656,96074.81012207031,"[{'asset': USD, 'quantity': 96074.81012207031}, {'asset': SPY, 'quantity': 10.0}]",5.296830340117964e-05
2023-01-19 09:30:00-05:00,99968.40997558594,96074.81012207031,"[{'asset': USD, 'quantity': 96074.81012207031}, {'asset': SPY, 'quantity': 10.0}]",-0.0009643764625254514
2023-01-20 09:30:00-05:00,99975.81018310547,96074.81012207031,"[{'asset': USD, 'quantity': 96074.81012207031}, {'asset': SPY, 'quantity': 10.0}]",7.402545985613074e-05
2023-01-21 09:30:00-05:00,99975.81018310547,96074.81012207031,"[{'asset': USD, 'quantity': 96074.81012207031}, {'asset': SPY, 'quantity': 10.0}]",0.0
2023-01-23 09:30:00-05:00,100042.01013427734,96074.81012207031,"[{'asset': USD, 'quantity': 96074.81012207031}, {'asset': SPY, 'quantity': 10.0}]",0.0006621596869345048
2023-01-24 09:30:00-05:00,100063.61017089844,96074.81012207031,"[{'asset': USD, 'quantity': 96074.81012207031}, {'asset': SPY, 'quantity': 10.0}]",0.00021590966227180708
2023-01-25 09:30:00-05:00,100034.31024414062,96074.81012207031,"[{'asset': USD, 'quantity': 96074.81012207031}, {'asset': SPY, 'quantity': 10.0}]",-0.00029281300872285865
2023-01-26 09:30:00-05:00,100106.11017089844,96074.81012207031,"[{'asset': USD, 'quantity': 96074.81012207031}, {'asset': SPY, 'quantity': 10.0}]",0.0007177530047699499
2023-01-27 09:30:00-05:00,100111.4101586914,96074.81012207031,"[{'asset': USD, 'quantity': 96074.81012207031}, {'asset': SPY, 'quantity': 10.0}]",5.294369927999476e-05
2023-01-28 09:30:00-05:00,100111.4101586914,96074.81012207031,"[{'asset': USD, 'quantity': 96074.81012207031}, {'asset': SPY, 'quantity': 10.0}]",0.0
2023-01-30 09:30:00-05:00,100102.81,96074.81012207031,"[{'asset': USD, 'quantity': 96074.81012207031}, {'asset': SPY, 'quantity': 10.0}]",-8.590587903789526e-05
2023-01-31 09:30:00-05:00,100086.11017089844,96074.81012207031,"[{'asset': USD, 'quantity': 96074.81012207031}, {'asset': SPY, 'quantity': 10.0}]",-0.000166826776406781
2023-02-01 09:30:00-05:00,100126.91003662109,96074.81012207031,"[{'asset': USD, 'quantity': 96074.81012207031}, {'asset': SPY, 'quantity': 10.0}]",0.00040764763115475056
2023-02-02 09:30:00-05:00,100223.40997558594,96074.81012207031,"[{'asset': USD, 'quantity': 96074.81012207031}, {'asset': SPY, 'quantity': 10.0}]",0.0009637762608427636
2023-02-03 09:30:00-05:00,100190.71008544922,96074.81012207031,"[{'asset': USD, 'quantity': 96074.81012207031}, {'asset': SPY, 'quantity': 10.0}]",-0.00032626998168072685
2023-02-04 09:30:00-05:00,100190.71008544922,96074.81012207031,"[{'asset': USD, 'quantity': 96074.81012207031}, {'asset': SPY, 'quantity': 10.0}]",0.0
2023-02-06 09:30:00-05:00,100172.71020751953,96074.81012207031,"[{'asset': USD, 'quantity': 96074.81012207031}, {'asset': SPY, 'quantity': 10.0}]",-0.0001796561568865318
2023-02-07 09:30:00-05:00,100163.51007324219,96074.81012207031,"[{'asset': USD, 'quantity': 96074.81012207031}, {'asset': SPY, 'quantity': 10.0}]",-9.184272101936397e-05
2023-02-08 09:30:00-05:00,100206.11017089844,96074.81012207031,"[{'asset': USD, 'quantity': 96074.81012207031}, {'asset': SPY, 'quantity': 10.0}]",0.00042530555913122825
2023-02-09 09:30:00-05:00,100218.9101586914,96074.81012207031,"[{'asset': USD, 'quantity': 96074.81012207031}, {'asset': SPY, 'quantity': 10.0}]",0.0001277365998055835
2023-02-10 09:30:00-05:00,100133.40997558594,96074.81012207031,"[{'asset': USD, 'quantity': 96074.81012207031}, {'asset': SPY, 'quantity': 10.0}]",-0.0008531342335501568
2023-02-11 09:30:00-05:00,100133.40997558594,96074.81012207031,"[{'asset': USD, 'quantity': 96074.81012207031}, {'asset': SPY, 'quantity': 10.0}]",0.0
2023-02-13 09:30:00-05:00,100162.01013427734,96074.81012207031,"[{'asset': USD, 'quantity': 96074.81012207031}, {'asset': SPY, 'quantity': 10.0}]",0.00028562054062053477
2023-02-14 09:30:00-05:00,100187.21002441406,96074.81012207031,"[{'asset': USD, 'quantity': 96074.81012207031}, {'asset': SPY, 'quantity': 10.0}]",0.0002515912979674795
2023-02-15 09:30:00-05:00,100178.31018310547,96074.81012207031,"[{'asset': USD, 'quantity': 96074.81012207031}, {'asset': SPY, 'quantity': 10.0}]",-8.883211047028272e-05
2023-02-16 09:30:00-05:00,100162.71020751953,96074.81012207031,"[{'asset': USD, 'quantity': 96074.81012207031}, {'asset': SPY, 'quantity': 10.0}]",-0.00015572208752001604
2023-02-17 09:30:00-05:00,100135.41009765625,96074.81012207031,"[{'asset': USD, 'quantity': 96074.81012207031}, {'asset': SPY, 'quantity': 10.0}]",-0.0002725576195644619
2023-02-18 09:30:00-05:00,100135.41009765625,96074.81012207031,"[{'asset': USD, 'quantity': 96074.81012207031}, {'asset': SPY, 'quantity': 10.0}]",0.0
2023-02-21 09:30:00-05:00,100105.41009765625,96074.81012207031,"[{'asset': USD, 'quantity': 96074.81012207031}, {'asset': SPY, 'quantity': 10.0}]",-0.00029959431904003075
2023-02-22 09:30:00-05:00,100070.01001220703,96074.81012207031,"[{'asset': USD, 'quantity': 96074.81012207031}, {'asset': SPY, 'quantity': 10.0}]",-0.0003536280947721293
2023-02-23 09:30:00-05:00,100090.41009765625,96074.81012207031,"[{'asset': USD, 'quantity': 96074.81012207031}, {'asset': SPY, 'quantity': 10.0}]",0.00020385813338807957
2023-02-24 09:30:00-05:00,100029.01025634765,96074.81012207031,"[{'asset': USD, 'quantity': 96074.81012207031}, {'asset': SPY, 'quantity': 10.0}]",-0.0006134437979491425
2023-02-25 09:30:00-05:00,100029.01025634765,96074.81012207031,"[{'asset': USD, 'quantity': 96074.81012207031}, {'asset': SPY, 'quantity': 10.0}]",0.0
2023-02-27 09:30:00-05:00,100073.51007324219,96074.81012207031,"[{'asset': USD, 'quantity': 96074.81012207031}, {'asset': SPY, 'quantity': 10.0}]",0.00044486911127572526
2023-02-28 09:30:00-05:00,100047.11023193359,96074.81012207031,"[{'asset': USD, 'quantity': 96074.81012207031}, {'asset': SPY, 'quantity': 10.0}]",-0.00026380449021201624
2023-03-01 09:30:00-05:00,100028.9101586914,96074.81012207031,"[{'asset': USD, 'quantity': 96074.81012207031}, {'asset': SPY, 'quantity': 10.0}]",-0.00018191503182840574
2023-03-02 09:30:00-05:00,100001.61004882812,96074.81012207031,"[{'asset': USD, 'quantity': 96074.81012207031}, {'asset': SPY, 'quantity': 10.0}]",-0.0002729221963927442
2023-03-03 09:30:00-05:00,100071.91003662109,96074.81012207031,"[{'asset': USD, 'quantity': 96074.81012207031}, {'asset': SPY, 'quantity': 10.0}]",0.0007029885594707075
2023-03-04 09:30:00-05:00,100071.91003662109,96074.81012207031,"[{'asset': USD, 'quantity': 96074.81012207031}, {'asset': SPY, 'quantity': 10.0}]",0.0
2023-03-06 09:30:00-05:00,100125.31,96074.81012207031,"[{'asset': USD, 'quantity': 96074.81012207031}, {'asset': SPY, 'quantity': 10.0}]",0.0005336159103925819
2023-03-07 09:30:00-05:00,100119.01025634765,96074.81012207031,"[{'asset': USD, 'quantity': 96074.81012207031}, {'asset': SPY, 'quantity': 10.0}]",-6.291859323426241e-05
2023-03-08 09:30:00-05:00,100058.71026855469,96074.81012207031,"[{'asset': USD, 'quantity': 96074.81012207031}, {'asset': SPY, 'quantity': 10.0}]",-0.0006022830992693518
2023-03-09 09:30:00-05:00,100072.21002441406,96074.81012207031,"[{'asset': USD, 'quantity': 96074.81012207031}, {'asset': SPY, 'quantity': 10.0}]",0.0001349183476695437
2023-03-10 09:30:00-05:00,99984.71002441406,96074.81012207031,"[{'asset': USD, 'quantity': 96074.81012207031}, {'asset': SPY, 'quantity': 10.0}]",-0.0008743686182073329
2023-03-11 09:30:00-05:00,99984.71002441406,96074.81012207031,"[{'asset': USD, 'quantity': 96074.81012207031}, {'asset': SPY, 'quantity': 10.0}]",0.0
2023-03-13 09:30:00-04:00,99979.81012207031,96074.81012207031,"[{'asset': USD, 'quantity': 96074.81012207031}, {'asset': SPY, 'quantity': 10.0}]",-4.9006516521954424e-05
2023-03-14 09:30:00-04:00,99933.71026855469,96074.81012207031,"[{'asset': USD, 'quantity': 96074.81012207031}, {'asset': SPY, 'quantity': 10.0}]",-0.00046109162899332645
2023-03-15 09:30:00-04:00,99943.0101953125,96074.81012207031,"[{'asset': USD, 'quantity': 96074.81012207031}, {'asset': SPY, 'quantity': 10.0}]",9.306095743699672e-05
2023-03-16 09:30:00-04:00,100007.01013427734,96074.81012207031,"[{'asset': USD, 'quantity': 96074.81012207031}, {'asset': SPY, 'quantity': 10.0}]",0.0006403643320305186
2023-03-17 09:30:00-04:00,100007.01013427734,96074.81012207031,"[{'asset': USD, 'quantity': 96074.81012207031}, {'asset': SPY, 'quantity': 10.0}]",0.0
2023-03-18 09:30:00-04:00,100007.01013427734,96074.81012207031,"[{'asset': USD, 'quantity': 96074.81012207031}, {'asset': SPY, 'quantity': 10.0}]",0.0
2023-03-20 09:30:00-04:00,100047.21002441406,96074.81012207031,"[{'asset': USD, 'quantity': 96074.81012207031}, {'asset': SPY, 'quantity': 10.0}]",0.0004019707226796676
2023-03-21 09:30:00-04:00,100062.11023193359,96074.81012207031,"[{'asset': USD, 'quantity': 96074.81012207031}, {'asset': SPY, 'quantity': 10.0}]",0.0001489317644729482
2023-03-22 09:30:00-04:00,100025.71008544922,96074.81012207031,"[{'asset': USD, 'quantity': 96074.81012207031}, {'asset': SPY, 'quantity': 10.0}]",-0.00036377552302269134
2023-03-23 09:30:00-04:00,99993.21008544922,96074.81012207031,"[{'asset': USD, 'quantity': 96074.81012207031}, {'asset': SPY, 'quantity': 10.0}]",-0.00032491646369958715
2023-03-24 09:30:00-04:00,99993.21008544922,96074.81012207031,"[{'asset': USD, 'quantity': 96074.81012207031}, {'asset': SPY, 'quantity': 10.0}]",0.0
2023-03-25 09:30:00-04:00,99993.21008544922,96074.81012207031,"[{'asset': USD, 'quantity': 96074.81012207031}, {'asset': SPY, 'quantity': 10.0}]",0.0
2023-03-27 09:30:00-04:00,100032.51001220703,96074.81012207031,"[{'asset': USD, 'quantity': 96074.81012207031}, {'asset': SPY, 'quantity': 10.0}]",0.0003930259537046066
2023-03-28 09:30:00-04:00,100074.11004882812,96074.81012207031,"[{'asset': USD, 'quantity': 96074.81012207031}, {'asset': SPY, 'quantity': 10.0}]",0.00041586516839386967
2023-03-29 09:30:00-04:00,100115.71008544922,96074.81012207031,"[{'asset': USD, 'quantity': 96074.81012207031}, {'asset': SPY, 'quantity': 10.0}]",0.00041569229644711214
2023-03-30 09:30:00-04:00,100121.4101586914,96074.81012207031,"[{'asset': USD, 'quantity': 96074.81012207031}, {'asset': SPY, 'quantity': 10.0}]",5.693485305480195e-05
2023-03-31 09:30:00-04:00,100121.4101586914,96074.81012207031,"[{'asset': USD, 'quantity': 96074.81012207031}, {'asset': SPY, 'quantity': 10.0}]",0.0
2023-04-01 09:30:00-04:00,100121.4101586914,96074.81012207031,"[{'asset': USD, 'quantity': 96074.81012207031}, {'asset': SPY, 'quantity': 10.0}]",0.0
2023-04-03 09:30:00-04:00,100191.01007324219,96074.81012207031,"[{'asset': USD, 'quantity': 96074.81012207031}, {'asset': SPY, 'quantity': 10.0}]",0.0006951551565290703
2023-04-04 09:30:00-04:00,100153.9101586914,96074.81012207031,"[{'asset': USD, 'quantity': 96074.81012207031}, {'asset': SPY, 'quantity': 10.0}]",-0.00037029185077241955
2023-04-05 09:30:00-04:00,100142.51001220703,96074.81012207031,"[{'asset': USD, 'quantity': 96074.81012207031}, {'asset': SPY, 'quantity': 10.0}]",-0.00011382627464384676
2023-04-06 09:30:00-04:00,100142.51001220703,96074.81012207031,"[{'asset': USD, 'quantity': 96074.81012207031}, {'asset': SPY, 'quantity': 10.0}]",0.0
2023-04-07 09:30:00-04:00,100142.51001220703,96074.81012207031,"[{'asset': USD, 'quantity': 96074.81012207031}, {'asset': SPY, 'quantity': 10.0}]",0.0
2023-04-10 09:30:00-04:00,100177.41021972656,96074.81012207031,"[{'asset': USD, 'quantity': 96074.81012207031}, {'asset': SPY, 'quantity': 10.0}]",0.000348505420078693
2023-04-11 09:30:00-04:00,100193.51007324219,96074.81012207031,"[{'asset': USD, 'quantity': 96074.81012207031}, {'asset': SPY, 'quantity': 10.0}]",0.0001607134131369481
2023-04-12 09:30:00-04:00,100166.61004882812,96074.81012207031,"[{'asset': USD, 'quantity': 96074.81012207031}, {'asset': SPY, 'quantity': 10.0}]",-0.000268480706927976
2023-04-13 09:30:00-04:00,100202.91009765625,96074.81012207031,"[{'asset': USD, 'quantity': 96074.81012207031}, {'asset': SPY, 'quantity': 10.0}]",0.0003623966989640959
2023-04-14 09:30:00-04:00,100202.91009765625,96074.81012207031,"[{'asset': USD, 'quantity': 96074.81012207031}, {'asset': SPY, 'quantity': 10.0}]",0.0
2023-04-15 09:30:00-04:00,100202.91009765625,96074.81012207031,"[{'asset': USD, 'quantity': 96074.81012207031}, {'asset': SPY, 'quantity': 10.0}]",0.0
2023-04-17 09:30:00-04:00,100230.60998779297,96074.81012207031,"[{'asset': USD, 'quantity': 96074.81012207031}, {'asset': SPY, 'quantity': 10.0}]",0.0002764379807904671
2023-04-18 09:30:00-04:00,100197.01013427734,96074.81012207031,"[{'asset': USD, 'quantity': 96074.81012207031}, {'asset': SPY, 'quantity': 10.0}]",-0.00033522547173681083
2023-04-19 09:30:00-04:00,100186.91003662109,96074.81012207031,"[{'asset': USD, 'quantity': 96074.81012207031}, {'asset': SPY, 'quantity': 10.0}]",-0.00010080238564713628
2023-04-20 09:30:00-04:00,100196.71014648437,96074.81012207031,"[{'asset': USD, 'quantity': 96074.81012207031}, {'asset': SPY, 'quantity': 10.0}]",9.7818266475036e-05
2023-04-21 09:30:00-04:00,100196.71014648437,96074.81012207031,"[{'asset': USD, 'quantity': 96074.81012207031}, {'asset': SPY, 'quantity': 10.0}]",0.0
2023-04-22 09:30:00-04:00,100196.71014648437,96074.81012207031,"[{'asset': USD, 'quantity': 96074.81012207031}, {'asset': SPY, 'quantity': 10.0}]",0.0
2023-04-24 09:30:00-04:00,100180.60998779297,96074.81012207031,"[{'asset': USD, 'quantity': 96074.81012207031}, {'asset': SPY, 'quantity': 10.0}]",-0.00016068550222725353
2023-04-25 09:30:00-04:00,100142.01013427734,96074.81012207031,"[{'asset': USD, 'quantity': 96074.81012207031}, {'asset': SPY, 'quantity': 10.0}]",-0.0003853026401049453
2023-04-26 09:30:00-04:00,100144.81012207031,96074.81012207031,"[{'asset': USD, 'quantity': 96074.81012207031}, {'asset': SPY, 'quantity': 10.0}]",2.796017165240805e-05
2023-04-27 09:30:00-04:00,100189.71002441406,96074.81012207031,"[{'asset': USD, 'quantity': 96074.81012207031}, {'asset': SPY, 'quantity': 10.0}]",0.00044834976759178247
2023-04-28 09:30:00-04:00,100189.71002441406,96074.81012207031,"[{'asset': USD, 'quantity': 96074.81012207031}, {'asset': SPY, 'quantity': 10.0}]",0.0
2023-04-29 09:30:00-04:00,100189.71002441406,96074.81012207031,"[{'asset': USD, 'quantity': 96074.81012207031}, {'asset': SPY, 'quantity': 10.0}]",0.0
2023-05-01 09:30:00-04:00,100222.51001220703,96074.81012207031,"[{'asset': USD, 'quantity': 96074.81012207031}, {'asset': SPY, 'quantity': 10.0}]",0.0003273788075139894
2023-05-02 09:30:00-04:00,100188.40997558594,96074.81012207031,"[{'asset': USD, 'quantity': 96074.81012207031}, {'asset': SPY, 'quantity': 10.0}]",-0.00034024329082293914
2023-05-03 09:30:00-04:00,100144.11004882812,96074.81012207031,"[{'asset': USD, 'quantity': 96074.81012207031}, {'asset': SPY, 'quantity': 10.0}]",-0.00044216618238179795
2023-05-04 09:30:00-04:00,100163.9101586914,96074.81012207031,"[{'asset': USD, 'quantity': 96074.81012207031}, {'asset': SPY, 'quantity': 10.0}]",0.00019771616976393958
2023-05-05 09:30:00-04:00,100163.9101586914,96074.81012207031,"[{'asset': USD, 'quantity': 96074.81012207031}, {'asset': SPY, 'quantity': 10.0}]",0.0
2023-05-06 09:30:00-04:00,100163.9101586914,96074.81012207031,"[{'asset': USD, 'quantity': 96074.81012207031}, {'asset': SPY, 'quantity': 10.0}]",0.0
2023-05-08 09:30:00-04:00,100186.11017089844,96074.81012207031,"[{'asset': USD, 'quantity': 96074.81012207031}, {'asset': SPY, 'quantity': 10.0}]",0.00022163683677933754
2023-05-09 09:30:00-04:00,100213.61017089844,96074.81012207031,"[{'asset': USD, 'quantity': 96074.81012207031}, {'asset': SPY, 'quantity': 10.0}]",0.0002744891477779454
2023-05-10 09:30:00-04:00,100194.31024414062,96074.81012207031,"[{'asset': USD, 'quantity': 96074.81012207031}, {'asset': SPY, 'quantity': 10.0}]",-0.00019258788027798346
2023-05-11 09:30:00-04:00,100209.01025634765,96074.81012207031,"[{'asset': USD, 'quantity': 96074.81012207031}, {'asset': SPY, 'quantity': 10.0}]",0.00014671503971852573
2023-05-12 09:30:00-04:00,100209.01025634765,96074.81012207031,"[{'asset': USD, 'quantity': 96074.81012207031}, {'asset': SPY, 'quantity': 10.0}]",0.0
2023-05-13 09:30:00-04:00,100209.01025634765,96074.81012207031,"[{'asset': USD, 'quantity': 96074.81012207031}, {'asset': SPY, 'quantity': 10.0}]",0.0
2023-05-15 09:30:00-04:00,100193.40997558594,96074.81012207031,"[{'asset': USD, 'quantity': 96074.81012207031}, {'asset': SPY, 'quantity': 10.0}]",-0.00015567742583033617
2023-05-16 09:30:00-04:00,100198.31018310547,96074.81012207031,"[{'asset': USD, 'quantity': 96074.81012207031}, {'asset': SPY, 'quantity': 10.0}]",4.890748324393179e-05
2023-05-17 09:30:00-04:00,100223.81006103515,96074.81012207031,"[{'asset': USD, 'quantity': 96074.81012207031}, {'asset': SPY, 'quantity': 10.0}]",0.0002544940915978344
2023-05-18 09:30:00-04:00,100276.51025634765,96074.81012207031,"[{'asset': USD, 'quantity': 96074.81012207031}, {'asset': SPY, 'quantity': 10.0}]",0.0005258251036395212
2023-05-19 09:30:00-04:00,100276.51025634765,96074.81012207031,"[{'asset': USD, 'quantity': 96074.81012207031}, {'asset': SPY, 'quantity': 10.0}]",0.0
2023-05-20 09:30:00-04:00,100276.51025634765,96074.81012207031,"[{'asset': USD, 'quantity': 96074.81012207031}, {'asset': SPY, 'quantity': 10.0}]",0.0
2023-05-22 09:30:00-04:00,100245.60998779297,96074.81012207031,"[{'asset': USD, 'quantity': 96074.81012207031}, {'asset': SPY, 'quantity': 10.0}]",-0.0003081506174845705
2023-05-23 09:30:00-04:00,100199.01025634765,96074.81012207031,"[{'asset': USD, 'quantity': 96074.81012207031}, {'asset': SPY, 'quantity': 10.0}]",-0.00046485558271314176
2023-05-24 09:30:00-04:00,100222.21002441406,96074.81012207031,"[{'asset': USD, 'quantity': 96074.81012207031}, {'asset': SPY, 'quantity': 10.0}]",0.00023153689848887105
2023-05-25 09:30:00-04:00,100228.10998779297,96074.81012207031,"[{'asset': USD, 'quantity': 96074.81012207031}, {'asset': SPY, 'quantity': 10.0}]",5.88688213667421e-05
2023-05-26 09:30:00-04:00,100228.10998779297,96074.81012207031,"[{'asset': USD, 'quantity': 96074.81012207031}, {'asset': SPY, 'quantity': 10.0}]",0.0
2023-05-27 09:30:00-04:00,100228.10998779297,96074.81012207031,"[{'asset': USD, 'quantity': 96074.81012207031}, {'asset': SPY, 'quantity': 10.0}]",0.0
2023-05-30 09:30:00-04:00,100257.61010986328,96074.81012207031,"[{'asset': USD, 'quantity': 96074.81012207031}, {'asset': SPY, 'quantity': 10.0}]",0.0002943298249753479
2023-05-31 09:30:00-04:00,100255.71008544922,96074.81012207031,"[{'asset': USD, 'quantity': 96074.81012207031}, {'asset': SPY, 'quantity': 10.0}]",-1.8951423358060104e-05
2023-06-01 09:30:00-04:00,100319.81012207031,96074.81012207031,"[{'asset': USD, 'quantity': 96074.81012207031}, {'asset': SPY, 'quantity': 10.0}]",0.00063936544428711
2023-06-02 09:30:00-04:00,100319.81012207031,96074.81012207031,"[{'asset': USD, 'quantity': 96074.81012207031}, {'asset': SPY, 'quantity': 10.0}]",0.0
2023-06-03 09:30:00-04:00,100319.81012207031,96074.81012207031,"[{'asset': USD, 'quantity': 96074.81012207031}, {'asset': SPY, 'quantity': 10.0}]",0.0
2023-06-05 09:30:00-04:00,100341.51025634765,96074.81012207031,"[{'asset': USD, 'quantity': 96074.81012207031}, {'asset': SPY, 'quantity': 10.0}]",0.00021630956289619974
2023-06-06 09:30:00-04:00,100359.21014648437,96074.81012207031,"[{'asset': USD, 'quantity': 96074.81012207031}, {'asset': SPY, 'quantity': 10.0}]",0.00017639648926448537
2023-06-07 09:30:00-04:00,100341.01007324219,96074.81012207031,"[{'asset': USD, 'quantity': 96074.81012207031}, {'asset': SPY, 'quantity': 10.0}]",-0.00018134930730939747
2023-06-08 09:30:00-04:00,100374.41003662109,96074.81012207031,"[{'asset': USD, 'quantity': 96074.81012207031}, {'asset': SPY, 'quantity': 10.0}]",0.0003328645322040469
2023-06-09 09:30:00-04:00,100374.41003662109,96074.81012207031,"[{'asset': USD, 'quantity': 96074.81012207031}, {'asset': SPY, 'quantity': 10.0}]",0.0
2023-06-10 09:30:00-04:00,100374.41003662109,96074.81012207031,"[{'asset': USD, 'quantity': 96074.81012207031}, {'asset': SPY, 'quantity': 10.0}]",0.0
2023-06-12 09:30:00-04:00,100428.0101953125,96074.81012207031,"[{'asset': USD, 'quantity': 96074.81012207031}, {'asset': SPY, 'quantity': 10.0}]",0.0005340022289730406
2023-06-13 09:30:00-04:00,100444.91021972656,96074.81012207031,"[{'asset': USD, 'quantity': 96074.81012207031}, {'asset': SPY, 'quantity': 10.0}]",0.00016827998863266913
2023-06-14 09:30:00-04:00,100438.10998779297,96074.81012207031,"[{'asset': USD, 'quantity': 96074.81012207031}, {'asset': SPY, 'quantity': 10.0}]",-6.770111017784242e-05
2023-06-15 09:30:00-04:00,100505.01001220703,96074.81012207031,"[{'asset': USD, 'quantity': 96074.81012207031}, {'asset': SPY, 'quantity': 10.0}]",0.0006660820720560956
2023-06-16 09:30:00-04:00,100505.01001220703,96074.81012207031,"[{'asset': USD, 'quantity': 96074.81012207031}, {'asset': SPY, 'quantity': 10.0}]",0.0
2023-06-17 09:30:00-04:00,100505.01001220703,96074.81012207031,"[{'asset': USD, 'quantity': 96074.81012207031}, {'asset': SPY, 'quantity': 10.0}]",0.0
2023-06-20 09:30:00-04:00,100436.4101586914,96074.81012207031,"[{'asset': USD, 'quantity': 96074.81012207031}, {'asset': SPY, 'quantity': 10.0}]",-0.0006825515813320138
2023-06-21 09:30:00-04:00,100414.31024414062,96074.81012207031,"[{'asset': USD, 'quantity': 96074.81012207031}, {'asset': SPY, 'quantity': 10.0}]",-0.0002200388735107417
2023-06-22 09:30:00-04:00,100404.11004882812,96074.81012207031,"[{'asset': USD, 'quantity': 96074.81012207031}, {'asset': SPY, 'quantity': 10.0}]",-0.0001015810922536664
2023-06-23 09:30:00-04:00,100404.11004882812,96074.81012207031,"[{'asset': USD, 'quantity': 96074.81012207031}, {'asset': SPY, 'quantity': 10.0}]",0.0
2023-06-24 09:30:00-04:00,100404.11004882812,96074.81012207031,"[{'asset': USD, 'quantity': 96074.81012207031}, {'asset': SPY, 'quantity': 10.0}]",0.0
2023-06-26 09:30:00-04:00,100398.31018310547,96074.81012207031,"[{'asset': USD, 'quantity': 96074.81012207031}, {'asset': SPY, 'quantity': 10.0}]",-5.776522215905633e-05
2023-06-27 09:30:00-04:00,100425.31,96074.81012207031,"[{'asset': USD, 'quantity': 96074.81012207031}, {'asset': SPY, 'quantity': 10.0}]",0.00026892700529801417
2023-06-28 09:30:00-04:00,100434.41003662109,96074.81012207031,"[{'asset': USD, 'quantity': 96074.81012207031}, {'asset': SPY, 'quantity': 10.0}]",9.061497167484056e-05
2023-06-29 09:30:00-04:00,100489.21014648437,96074.81012207031,"[{'asset': USD, 'quantity': 96074.81012207031}, {'asset': SPY, 'quantity': 10.0}]",0.0005456308235722851
2023-06-30 09:30:00-04:00,100489.21014648437,96074.81012207031,"[{'asset': USD, 'quantity': 96074.81012207031}, {'asset': SPY, 'quantity': 10.0}]",0.0
2023-07-01 09:30:00-04:00,100489.21014648437,96074.81012207031,"[{'asset': USD, 'quantity': 96074.81012207031}, {'asset': SPY, 'quantity': 10.0}]",0.0
2023-07-03 09:30:00-04:00,100504.01025634765,96074.81012207031,"[{'asset': USD, 'quantity': 96074.81012207031}, {'asset': SPY, 'quantity': 10.0}]",0.0001472805870570415
2023-07-04 09:30:00-04:00,100493.9101586914,96074.81012207031,"[{'asset': USD, 'quantity': 96074.81012207031}, {'asset': SPY, 'quantity': 10.0}]",-0.00010049447410598322
2023-07-05 09:30:00-04:00,100469.01025634765,96074.81012207031,"[{'asset': USD, 'quantity': 96074.81012207031}, {'asset': SPY, 'quantity': 10.0}]",-0.00024777523637431464
2023-07-06 09:30:00-04:00,100461.11017089844,96074.81012207031,"[{'asset': USD, 'quantity': 96074.81012207031}, {'asset': SPY, 'quantity': 10.0}]",-7.863206205638296e-05
2023-07-07 09:30:00-04:00,100461.11017089844,96074.81012207031,"[{'asset': USD, 'quantity': 96074.81012207031}, {'asset': SPY, 'quantity': 10.0}]",0.0
2023-07-08 09:30:00-04:00,100461.11017089844,96074.81012207031,"[{'asset': USD, 'quantity': 96074.81012207031}, {'asset': SPY, 'quantity': 10.0}]",0.0
2023-07-10 09:30:00-04:00,100479.31024414062,96074.81012207031,"[{'asset': USD, 'quantity': 96074.81012207031}, {'asset': SPY, 'quantity': 10.0}]",0.00018116536051837606
2023-07-11 09:30:00-04:00,100538.71026855469,96074.81012207031,"[{'asset': USD, 'quantity': 96074.81012207031}, {'asset': SPY, 'quantity': 10.0}]",0.0005911667214846261
2023-07-12 09:30:00-04:00,100553.81006103515,96074.81012207031,"[{'asset': USD, 'quantity': 96074.81012207031}, {'asset': SPY, 'quantity': 10.0}]",0.0001501888420900599
2023-07-13 09:30:00-04:00,100579.61023193359,96074.81012207031,"[{'asset': USD, 'quantity': 96074.81012207031}, {'asset': SPY, 'quantity': 10.0}]",0.0002565807390368935
2023-07-14 09:30:00-04:00,100579.61023193359,96074.81012207031,"[{'asset': USD, 'quantity': 96074.81012207031}, {'asset': SPY, 'quantity': 10.0}]",0.0
2023-07-15 09:30:00-04:00,100579.61023193359,96074.81012207031,"[{'asset': USD, 'quantity': 96074.81012207031}, {'asset': SPY, 'quantity': 10.0}]",0.0
2023-07-17 09:30:00-04:00,100579.81012207031,96074.81012207031,"[{'asset': USD, 'quantity': 96074.81012207031}, {'asset': SPY, 'quantity': 10.0}]",1.987382296064766e-06
2023-07-18 09:30:00-04:00,100624.91021972656,96074.81012207031,"[{'asset': USD, 'quantity': 96074.81012207031}, {'asset': SPY, 'quantity': 10.0}]",0.00044840110158794744
2023-07-19 09:30:00-04:00,100616.51025634765,96074.81012207031,"[{'asset': USD, 'quantity': 96074.81012207031}, {'asset': SPY, 'quantity': 10.0}]",-8.347797141450286e-05
2023-07-20 09:30:00-04:00,100614.41003662109,96074.81012207031,"[{'asset': USD, 'quantity': 96074.81012207031}, {'asset': SPY, 'quantity': 10.0}]",-2.0873509935959156e-05
2023-07-21 09:30:00-04:00,100614.41003662109,96074.81012207031,"[{'asset': USD, 'quantity': 96074.81012207031}, {'asset': SPY, 'quantity': 10.0}]",0.0
2023-07-22 09:30:00-04:00,100614.41003662109,96074.81012207031,"[{'asset': USD, 'quantity': 96074.81012207031}, {'asset': SPY, 'quantity': 10.0}]",0.0
2023-07-24 09:30:00-04:00,100614.01025634765,96074.81012207031,"[{'asset': USD, 'quantity': 96074.81012207031}, {'asset': SPY, 'quantity': 10.0}]",-3.973389828493268e-06
2023-07-25 09:30:00-04:00,100619.51013427734,96074.81012207031,"[{'asset': USD, 'quantity': 96074.81012207031}, {'asset': SPY, 'quantity': 10.0}]",5.4663141998645415e-05
2023-07-26 09:30:00-04:00,100665.01001220703,96074.81012207031,"[{'asset': USD, 'quantity': 96074.81012207031}, {'asset': SPY, 'quantity': 10.0}]",0.0004521973707580784
2023-07-27 09:30:00-04:00,100633.61017089844,96074.81012207031,"[{'asset': USD, 'quantity': 96074.81012207031}, {'asset': SPY, 'quantity': 10.0}]",-0.0003119240866790163
2023-07-28 09:30:00-04:00,100633.61017089844,96074.81012207031,"[{'asset': USD, 'quantity': 96074.81012207031}, {'asset': SPY, 'quantity': 10.0}]",0.0
2023-07-29 09:30:00-04:00,100633.61017089844,96074.81012207031,"[{'asset': USD, 'quantity': 96074.81012207031}, {'asset': SPY, 'quantity': 10.0}]",0.0
2023-07-31 09:30:00-04:00,100637.51001220703,96074.81012207031,"[{'asset': USD, 'quantity': 96074.81012207031}, {'asset': SPY, 'quantity': 10.0}]",3.875287095400637e-05
2023-08-01 09:30:00-04:00,100607.31012207031,96074.81012207031,"[{'asset': USD, 'quantity': 96074.81012207031}, {'asset': SPY, 'quantity': 10.0}]",-0.00030008582419271956
2023-08-02 09:30:00-04:00,100555.21020751953,96074.81012207031,"[{'asset': USD, 'quantity': 96074.81012207031}, {'asset': SPY, 'quantity': 10.0}]",-0.0005178541647476997
2023-08-03 09:30:00-04:00,100582.01013427734,96074.81012207031,"[{'asset': USD, 'quantity': 96074.81012207031}, {'asset': SPY, 'quantity': 10.0}]",0.0002665195239759388
2023-08-04 09:30:00-04:00,100582.01013427734,96074.81012207031,"[{'asset': USD, 'quantity': 96074.81012207031}, {'asset': SPY, 'quantity': 10.0}]",0.0
2023-08-05 09:30:00-04:00,100582.01013427734,96074.81012207031,"[{'asset': USD, 'quantity': 96074.81012207031}, {'asset': SPY, 'quantity': 10.0}]",0.0
2023-08-07 09:30:00-04:00,100555.60998779297,96074.81012207031,"[{'asset': USD, 'quantity': 96074.81012207031}, {'asset': SPY, 'quantity': 10.0}]",-0.0002624738404922722
2023-08-08 09:30:00-04:00,100565.11010986328,96074.81012207031,"[{'asset': USD, 'quantity': 96074.81012207031}, {'asset': SPY, 'quantity': 10.0}]",9.447630093895043e-05
2023-08-09 09:30:00-04:00,100556.71014648437,96074.81012207031,"[{'asset': USD, 'quantity': 96074.81012207031}, {'asset': SPY, 'quantity': 10.0}]",-8.352761081587001e-05
2023-08-10 09:30:00-04:00,100514.51013427734,96074.81012207031,"[{'asset': USD, 'quantity': 96074.81012207031}, {'asset': SPY, 'quantity': 10.0}]",-0.0004196638110530726
2023-08-11 09:30:00-04:00,100514.51013427734,96074.81012207031,"[{'asset': USD, 'quantity': 96074.81012207031}, {'asset': SPY, 'quantity': 10.0}]",0.0
2023-08-12 09:30:00-04:00,100514.51013427734,96074.81012207031,"[{'asset': USD, 'quantity': 96074.81012207031}, {'asset': SPY, 'quantity': 10.0}]",0.0
2023-08-14 09:30:00-04:00,100537.51001220703,96074.81012207031,"[{'asset': USD, 'quantity': 96074.81012207031}, {'asset': SPY, 'quantity': 10.0}]",0.00022882146964620098
2023-08-15 09:30:00-04:00,100499.41003662109,96074.81012207031,"[{'asset': USD, 'quantity': 96074.81012207031}, {'asset': SPY, 'quantity': 10.0}]",-0.0003789627929049466
2023-08-16 09:30:00-04:00,100486.4101586914,96074.81012207031,"[{'asset': USD, 'quantity': 96074.81012207031}, {'asset': SPY, 'quantity': 10.0}]",-0.00012935277853820537
2023-08-17 09:30:00-04:00,100408.51007324219,96074.81012207031,"[{'asset': USD, 'quantity': 96074.81012207031}, {'asset': SPY, 'quantity': 10.0}]",-0.0007752300567429593
2023-08-18 09:30:00-04:00,100408.51007324219,96074.81012207031,"[{'asset': USD, 'quantity': 96074.81012207031}, {'asset': SPY, 'quantity': 10.0}]",0.0
2023-08-19 09:30:00-04:00,100408.51007324219,96074.81012207031,"[{'asset': USD, 'quantity': 96074.81012207031}, {'asset': SPY, 'quantity': 10.0}]",0.0
2023-08-21 09:30:00-04:00,100486.61004882812,96074.81012207031,"[{'asset': USD, 'quantity': 96074.81012207031}, {'asset': SPY, 'quantity': 10.0}]",0.0007778222735201901
2023-08-22 09:30:00-04:00,100467.31012207031,96074.81012207031,"[{'asset': USD, 'quantity': 96074.81012207031}, {'asset': SPY, 'quantity': 10.0}]",-0.0001920646616343502
2023-08-23 09:30:00-04:00,100521.71014648437,96074.81012207031,"[{'asset': USD, 'quantity': 96074.81012207031}, {'asset': SPY, 'quantity': 10.0}]",0.0005414699004877566
2023-08-24 09:30:00-04:00,100461.61004882812,96074.81012207031,"[{'asset': USD, 'quantity': 96074.81012207031}, {'asset': SPY, 'quantity': 10.0}]",-0.0005978817667214864
2023-08-25 09:30:00-04:00,100461.61004882812,96074.81012207031,"[{'asset': USD, 'quantity': 96074.81012207031}, {'asset': SPY, 'quantity': 10.0}]",0.0
2023-08-26 09:30:00-04:00,100461.61004882812,96074.81012207031,"[{'asset': USD, 'quantity': 96074.81012207031}, {'asset': SPY, 'quantity': 10.0}]",0.0
2023-08-28 09:30:00-04:00,100501.31006103515,96074.81012207031,"[{'asset': USD, 'quantity': 96074.81012207031}, {'asset': SPY, 'quantity': 10.0}]",0.00039517595017368734
2023-08-29 09:30:00-04:00,100569.91021972656,96074.81012207031,"[{'asset': USD, 'quantity': 96074.81012207031}, {'asset': SPY, 'quantity': 10.0}]",0.0006825797459728555
2023-08-30 09:30:00-04:00,100591.31006103515,96074.81012207031,"[{'asset': USD, 'quantity': 96074.81012207031}, {'asset': SPY, 'quantity': 10.0}]",0.0002127857254903276
2023-08-31 09:30:00-04:00,100606.51025634765,96074.81012207031,"[{'asset': USD, 'quantity': 96074.81012207031}, {'asset': SPY, 'quantity': 10.0}]",0.0001511084337530999
2023-09-01 09:30:00-04:00,100606.51025634765,96074.81012207031,"[{'asset': USD, 'quantity': 96074.81012207031}, {'asset': SPY, 'quantity': 10.0}]",0.0
2023-09-02 09:30:00-04:00,100606.51025634765,96074.81012207031,"[{'asset': USD, 'quantity': 96074.81012207031}, {'asset': SPY, 'quantity': 10.0}]",0.0
2023-09-05 09:30:00-04:00,100558.81006103515,96074.81012207031,"[{'asset': USD, 'quantity': 96074.81012207031}, {'asset': SPY, 'quantity': 10.0}]",-0.0004741263283156716
2023-09-06 09:30:00-04:00,100505.90997558594,96074.81012207031,"[{'asset': USD, 'quantity': 96074.81012207031}, {'asset': SPY, 'quantity': 10.0}]",-0.0005260611717373687
2023-09-07 09:30:00-04:00,100523.81006103515,96074.81012207031,"[{'asset': USD, 'quantity': 96074.81012207031}, {'asset': SPY, 'quantity': 10.0}]",0.00017809982968719495
2023-09-08 09:30:00-04:00,100523.81006103515,96074.81012207031,"[{'asset': USD, 'quantity': 96074.81012207031}, {'asset': SPY, 'quantity': 10.0}]",0.0
2023-09-09 09:30:00-04:00,100523.81006103515,96074.81012207031,"[{'asset': USD, 'quantity': 96074.81012207031}, {'asset': SPY, 'quantity': 10.0}]",0.0
2023-09-11 09:30:00-04:00,100544.31024414062,96074.81012207031,"[{'asset': USD, 'quantity': 96074.81012207031}, {'asset': SPY, 'quantity': 10.0}]",0.0002039336063071051
2023-09-12 09:30:00-04:00,100537.01013427734,96074.81012207031,"[{'asset': USD, 'quantity': 96074.81012207031}, {'asset': SPY, 'quantity': 10.0}]",-7.260589729596312e-05
2023-09-13 09:30:00-04:00,100565.5101953125,96074.81012207031,"[{'asset': USD, 'quantity': 96074.81012207031}, {'asset': SPY, 'quantity': 10.0}]",0.0002834783031353538
2023-09-14 09:30:00-04:00,100546.21026855469,96074.81012207031,"[{'asset': USD, 'quantity': 96074.81012207031}, {'asset': SPY, 'quantity': 10.0}]",-0.00019191397448614644
2023-09-15 09:30:00-04:00,100546.21026855469,96074.81012207031,"[{'asset': USD, 'quantity': 96074.81012207031}, {'asset': SPY, 'quantity': 10.0}]",0.0
2023-09-16 09:30:00-04:00,100546.21026855469,96074.81012207031,"[{'asset': USD, 'quantity': 96074.81012207031}, {'asset': SPY, 'quantity': 10.0}]",0.0
2023-09-18 09:30:00-04:00,100501.61004882812,96074.81012207031,"[{'asset': USD, 'quantity': 96074.81012207031}, {'asset': SPY, 'quantity': 10.0}]",-0.00044357932146266155
2023-09-19 09:30:00-04:00,100514.91021972656,96074.81012207031,"[{'asset': USD, 'quantity': 96074.81012207031}, {'asset': SPY, 'quantity': 10.0}]",0.0001323378888355986
2023-09-20 09:30:00-04:00,100431.81024414062,96074.81012207031,"[{'asset': USD, 'quantity': 96074.81012207031}, {'asset': SPY, 'quantity': 10.0}]",-0.0008267427728312349
2023-09-21 09:30:00-04:00,100399.31024414062,96074.81012207031,"[{'asset': USD, 'quantity': 96074.81012207031}, {'asset': SPY, 'quantity': 10.0}]",-0.0003236026506043821
2023-09-22 09:30:00-04:00,100399.31024414062,96074.81012207031,"[{'asset': USD, 'quantity': 96074.81012207031}, {'asset': SPY, 'quantity': 10.0}]",0.0
2023-09-23 09:30:00-04:00,100399.31024414062,96074.81012207031,"[{'asset': USD, 'quantity': 96074.81012207031}, {'asset': SPY, 'quantity': 10.0}]",0.0
2023-09-25 09:30:00-04:00,100365.71008544922,96074.81012207031,"[{'asset': USD, 'quantity': 96074.81012207031}, {'asset': SPY, 'quantity': 10.0}]",-0.0003346652343497736
2023-09-26 09:30:00-04:00,100345.71008544922,96074.81012207031,"[{'asset': USD, 'quantity': 96074.81012207031}, {'asset': SPY, 'quantity': 10.0}]",-0.00019927124495977555
2023-09-27 09:30:00-04:00,100329.61023193359,96074.81012207031,"[{'asset': USD, 'quantity': 96074.81012207031}, {'asset': SPY, 'quantity': 10.0}]",-0.00016044386453506476
2023-09-28 09:30:00-04:00,100391.51025634765,96074.81012207031,"[{'asset': USD, 'quantity': 96074.81012207031}, {'asset': SPY, 'quantity': 10.0}]",0.0006169666589053158
2023-09-29 09:30:00-04:00,100391.51025634765,96074.81012207031,"[{'asset': USD, 'quantity': 96074.81012207031}, {'asset': SPY, 'quantity': 10.0}]",0.0
2023-09-30 09:30:00-04:00,100391.51025634765,96074.81012207031,"[{'asset': USD, 'quantity': 96074.81012207031}, {'asset': SPY, 'quantity': 10.0}]",0.0
2023-10-02 09:30:00-04:00,100325.41009765625,96074.81012207031,"[{'asset': USD, 'quantity': 96074.81012207031}, {'asset': SPY, 'quantity': 10.0}]",-0.0006584237902450552
2023-10-03 09:30:00-04:00,100295.5101953125,96074.81012207031,"[{'asset': USD, 'quantity': 96074.81012207031}, {'asset': SPY, 'quantity': 10.0}]",-0.0002980292063061718
2023-10-04 09:30:00-04:00,100318.40997558594,96074.81012207031,"[{'asset': USD, 'quantity': 96074.81012207031}, {'asset': SPY, 'quantity': 10.0}]",0.00022832308474063367
2023-10-05 09:30:00-04:00,100294.51013427734,96074.81012207031,"[{'asset': USD, 'quantity': 96074.81012207031}, {'asset': SPY, 'quantity': 10.0}]",-0.0002382398336896463
2023-10-06 09:30:00-04:00,100294.51013427734,96074.81012207031,"[{'asset': USD, 'quantity': 96074.81012207031}, {'asset': SPY, 'quantity': 10.0}]",0.0
2023-10-07 09:30:00-04:00,100294.51013427734,96074.81012207031,"[{'asset': USD, 'quantity': 96074.81012207031}, {'asset': SPY, 'quantity': 10.0}]",0.0
2023-10-09 09:30:00-04:00,100404.21014648437,96074.81012207031,"[{'asset': USD, 'quantity': 96074.81012207031}, {'asset': SPY, 'quantity': 10.0}]",0.001093778832561787
2023-10-10 09:30:00-04:00,100431.21026855469,96074.81012207031,"[{'asset': USD, 'quantity': 96074.81012207031}, {'asset': SPY, 'quantity': 10.0}]",0.0002689142420513324
2023-10-11 09:30:00-04:00,100444.31024414062,96074.81012207031,"[{'asset': USD, 'quantity': 96074.81012207031}, {'asset': SPY, 'quantity': 10.0}]",0.00013043729684136807
2023-10-12 09:30:00-04:00,100426.91003662109,96074.81012207031,"[{'asset': USD, 'quantity': 96074.81012207031}, {'asset': SPY, 'quantity': 10.0}]",-0.000173232385958344
2023-10-13 09:30:00-04:00,100426.91003662109,96074.81012207031,"[{'asset': USD, 'quantity': 96074.81012207031}, {'asset': SPY, 'quantity': 10.0}]",0.0
2023-10-14 09:30:00-04:00,100426.91003662109,96074.81012207031,"[{'asset': USD, 'quantity': 96074.81012207031}, {'asset': SPY, 'quantity': 10.0}]",0.0
2023-10-16 09:30:00-04:00,100402.91009765625,96074.81012207031,"[{'asset': USD, 'quantity': 96074.81012207031}, {'asset': SPY, 'quantity': 10.0}]",-0.00023897916361348415
2023-10-17 09:30:00-04:00,100416.71014648437,96074.81012207031,"[{'asset': USD, 'quantity': 96074.81012207031}, {'asset': SPY, 'quantity': 10.0}]",0.00013744670164150818
2023-10-18 09:30:00-04:00,100384.31024414062,96074.81012207031,"[{'asset': USD, 'quantity': 96074.81012207031}, {'asset': SPY, 'quantity': 10.0}]",-0.0003226544894419092
2023-10-19 09:30:00-04:00,100334.61023193359,96074.81012207031,"[{'asset': USD, 'quantity': 96074.81012207031}, {'asset': SPY, 'quantity': 10.0}]",-0.0004950974119974916
2023-10-20 09:30:00-04:00,100334.61023193359,96074.81012207031,"[{'asset': USD, 'quantity': 96074.81012207031}, {'asset': SPY, 'quantity': 10.0}]",0.0
2023-10-21 09:30:00-04:00,100334.61023193359,96074.81012207031,"[{'asset': USD, 'quantity': 96074.81012207031}, {'asset': SPY, 'quantity': 10.0}]",0.0
2023-10-23 09:30:00-04:00,100301.31006103515,96074.81012207031,"[{'asset': USD, 'quantity': 96074.81012207031}, {'asset': SPY, 'quantity': 10.0}]",-0.0003318911671801317
2023-10-24 09:30:00-04:00,100293.71026855469,96074.81012207031,"[{'asset': USD, 'quantity': 96074.81012207031}, {'asset': SPY, 'quantity': 10.0}]",-7.57696233064653e-05
2023-10-25 09:30:00-04:00,100239.31024414062,96074.81012207031,"[{'asset': USD, 'quantity': 96074.81012207031}, {'asset': SPY, 'quantity': 10.0}]",-0.0005424071386769258
2023-10-26 09:30:00-04:00,100216.71014648437,96074.81012207031,"[{'asset': USD, 'quantity': 96074.81012207031}, {'asset': SPY, 'quantity': 10.0}]",-0.0002254614242775954
2023-10-27 09:30:00-04:00,100216.71014648437,96074.81012207031,"[{'asset': USD, 'quantity': 96074.81012207031}, {'asset': SPY, 'quantity': 10.0}]",0.0
2023-10-28 09:30:00-04:00,100216.71014648437,96074.81012207031,"[{'asset': USD, 'quantity': 96074.81012207031}, {'asset': SPY, 'quantity': 10.0}]",0.0
2023-10-30 09:30:00-04:00,100236.61004882812,96074.81012207031,"[{'asset': USD, 'quantity': 96074.81012207031}, {'asset': SPY, 'quantity': 10.0}]",0.00019856870490619905
2023-10-31 09:30:00-04:00,100266.81024414062,96074.81012207031,"[{'asset': USD, 'quantity': 96074.81012207031}, {'asset': SPY, 'quantity': 10.0}]",0.0003012890729023887
2023-11-01 09:30:00-04:00,100340.60998779297,96074.81012207031,"[{'asset': USD, 'quantity': 96074.81012207031}, {'asset': SPY, 'quantity': 10.0}]",0.0007360336234158993
2023-11-02 09:30:00-04:00,100406.21026855469,96074.81012207031,"[{'asset': USD, 'quantity': 96074.81012207031}, {'asset': SPY, 'quantity': 10.0}]",0.0006537759813269872
2023-11-03 09:30:00-04:00,100406.21026855469,96074.81012207031,"[{'asset': USD, 'quantity': 96074.81012207031}, {'asset': SPY, 'quantity': 10.0}]",0.0
2023-11-04 09:30:00-04:00,100406.21026855469,96074.81012207031,"[{'asset': USD, 'quantity': 96074.81012207031}, {'asset': SPY, 'quantity': 10.0}]",0.0
2023-11-06 09:30:00-05:00,100429.51013427734,96074.81012207031,"[{'asset': USD, 'quantity': 96074.81012207031}, {'asset': SPY, 'quantity': 10.0}]",0.00023205602183695717
2023-11-07 09:30:00-05:00,100431.71014648437,96074.81012207031,"[{'asset': USD, 'quantity': 96074.81012207031}, {'asset': SPY, 'quantity': 10.0}]",2.1906033436769334e-05
2023-11-08 09:30:00-05:00,100450.31,96074.81012207031,"[{'asset': USD, 'quantity': 96074.81012207031}, {'asset': SPY, 'quantity': 10.0}]",0.0001851990122292424
2023-11-09 09:30:00-05:00,100459.11004882812,96074.81012207031,"[{'asset': USD, 'quantity': 96074.81012207031}, {'asset': SPY, 'quantity': 10.0}]",8.760598974877354e-05
2023-11-10 09:30:00-05:00,100434.61023193359,96074.81012207031,"[{'asset': USD, 'quantity': 96074.81012207031}, {'asset': SPY, 'quantity': 10.0}]",-0.00024387849825291408
2023-11-11 09:30:00-05:00,100434.61023193359,96074.81012207031,"[{'asset': USD, 'quantity': 96074.81012207031}, {'asset': SPY, 'quantity': 10.0}]",0.0
2023-11-13 09:30:00-05:00,100467.11023193359,96074.81012207031,"[{'asset': USD, 'quantity': 96074.81012207031}, {'asset': SPY, 'quantity': 10.0}]",0.0003235936289784913
2023-11-14 09:30:00-05:00,100538.0101953125,96074.81012207031,"[{'asset': USD, 'quantity': 96074.81012207031}, {'asset': SPY, 'quantity': 10.0}]",0.0007057032218327208
2023-11-15 09:30:00-05:00,100575.90997558594,96074.81012207031,"[{'asset': USD, 'quantity': 96074.81012207031}, {'asset': SPY, 'quantity': 10.0}]",0.0003769696674900125
2023-11-16 09:30:00-05:00,100567.01013427734,96074.81012207031,"[{'asset': USD, 'quantity': 96074.81012207031}, {'asset': SPY, 'quantity': 10.0}]",-8.848879727518799e-05
2023-11-17 09:30:00-05:00,100577.21002441406,96074.81012207031,"[{'asset': USD, 'quantity': 96074.81012207031}, {'asset': SPY, 'quantity': 10.0}]",0.00010142381804034706
2023-11-18 09:30:00-05:00,100577.21002441406,96074.81012207031,"[{'asset': USD, 'quantity': 96074.81012207031}, {'asset': SPY, 'quantity': 10.0}]",0.0
2023-11-20 09:30:00-05:00,100580.11010986328,96074.81012207031,"[{'asset': USD, 'quantity': 96074.81012207031}, {'asset': SPY, 'quantity': 10.0}]",2.8834419333323424e-05
2023-11-21 09:30:00-05:00,100606.61004882812,96074.81012207031,"[{'asset': USD, 'quantity': 96074.81012207031}, {'asset': SPY, 'quantity': 10.0}]",0.0002634709679270042
2023-11-22 09:30:00-05:00,100624.61023193359,96074.81012207031,"[{'asset': USD, 'quantity': 96074.81012207031}, {'asset': SPY, 'quantity': 10.0}]",0.0001789165055530173
2023-11-23 09:30:00-05:00,100624.61023193359,96074.81012207031,"[{'asset': USD, 'quantity': 96074.81012207031}, {'asset': SPY, 'quantity': 10.0}]",0.0
2023-11-24 09:30:00-05:00,100625.5101953125,96074.81012207031,"[{'asset': USD, 'quantity': 96074.81012207031}, {'asset': SPY, 'quantity': 10.0}]",8.943770086089486e-06
2023-11-25 09:30:00-05:00,100625.5101953125,96074.81012207031,"[{'asset': USD, 'quantity': 96074.81012207031}, {'asset': SPY, 'quantity': 10.0}]",0.0
2023-11-27 09:30:00-05:00,100621.31006103515,96074.81012207031,"[{'asset': USD, 'quantity': 96074.81012207031}, {'asset': SPY, 'quantity': 10.0}]",-4.1740253233890634e-05
2023-11-28 09:30:00-05:00,100615.60998779297,96074.81012207031,"[{'asset': USD, 'quantity': 96074.81012207031}, {'asset': SPY, 'quantity': 10.0}]",-5.6648767927325316e-05
2023-11-29 09:30:00-05:00,100646.31006103515,96074.81012207031,"[{'asset': USD, 'quantity': 96074.81012207031}, {'asset': SPY, 'quantity': 10.0}]",0.0003051223686454385
2023-11-30 09:30:00-05:00,100629.61023193359,96074.81012207031,"[{'asset': USD, 'quantity': 96074.81012207031}, {'asset': SPY, 'quantity': 10.0}]",-0.0001659258952606546
2023-12-01 09:30:00-05:00,100632.51001220703,96074.81012207031,"[{'asset': USD, 'quantity': 96074.81012207031}, {'asset': SPY, 'quantity': 10.0}]",2.8816371908435556e-05
2023-12-02 09:30:00-05:00,100632.51001220703,96074.81012207031,"[{'asset': USD, 'quantity': 96074.81012207031}, {'asset': SPY, 'quantity': 10.0}]",0.0
2023-12-04 09:30:00-05:00,100630.81018310547,96074.81012207031,"[{'asset': USD, 'quantity': 96074.81012207031}, {'asset': SPY, 'quantity': 10.0}]",-1.6891450897449367e-05
2023-12-05 09:30:00-05:00,100627.41021972656,96074.81012207031,"[{'asset': USD, 'quantity': 96074.81012207031}, {'asset': SPY, 'quantity': 10.0}]",-3.378650507457337e-05
2023-12-06 09:30:00-05:00,100662.91009765625,96074.81012207031,"[{'asset': USD, 'quantity': 96074.81012207031}, {'asset': SPY, 'quantity': 10.0}]",0.0003527853678453319
2023-12-07 09:30:00-05:00,100643.9101586914,96074.81012207031,"[{'asset': USD, 'quantity': 96074.81012207031}, {'asset': SPY, 'quantity': 10.0}]",-0.00018874815904301734
2023-12-08 09:30:00-05:00,100649.41003662109,96074.81012207031,"[{'asset': USD, 'quantity': 96074.81012207031}, {'asset': SPY, 'quantity': 10.0}]",5.4646902341248804e-05
2023-12-09 09:30:00-05:00,100649.41003662109,96074.81012207031,"[{'asset': USD, 'quantity': 96074.81012207031}, {'asset': SPY, 'quantity': 10.0}]",0.0
2023-12-11 09:30:00-05:00,100671.71014648437,96074.81012207031,"[{'asset': USD, 'quantity': 96074.81012207031}, {'asset': SPY, 'quantity': 10.0}]",0.00022156225113656447
2023-12-12 09:30:00-05:00,100691.11017089844,96074.81012207031,"[{'asset': USD, 'quantity': 96074.81012207031}, {'asset': SPY, 'quantity': 10.0}]",0.00019270581959762723
2023-12-13 09:30:00-05:00,100719.71002441406,96074.81012207031,"[{'asset': USD, 'quantity': 96074.81012207031}, {'asset': SPY, 'quantity': 10.0}]",0.0002840355366733327
2023-12-14 09:30:00-05:00,100799.81012207031,96074.81012207031,"[{'asset': USD, 'quantity': 96074.81012207031}, {'asset': SPY, 'quantity': 10.0}]",0.0007952772862116486
2023-12-15 09:30:00-05:00,100769.71002441406,96074.81012207031,"[{'asset': USD, 'quantity': 96074.81012207031}, {'asset': SPY, 'quantity': 10.0}]",-0.000298612642422591
2023-12-16 09:30:00-05:00,100769.71002441406,96074.81012207031,"[{'asset': USD, 'quantity': 96074.81012207031}, {'asset': SPY, 'quantity': 10.0}]",0.0
2023-12-18 09:30:00-05:00,100803.67023193359,96093.87012207031,"[{'asset': USD, 'quantity': 96093.87012207031}, {'asset': SPY, 'quantity': 10.0}]",0.00033700809014236555
2023-12-19 09:30:00-05:00,100819.17010986328,96093.87012207031,"[{'asset': USD, 'quantity': 96093.87012207031}, {'asset': SPY, 'quantity': 10.0}]",0.00015376303158420868
2023-12-20 09:30:00-05:00,100833.47003662109,96093.87012207031,"[{'asset': USD, 'quantity': 96093.87012207031}, {'asset': SPY, 'quantity': 10.0}]",0.00014183737817163866
2023-12-21 09:30:00-05:00,100807.16998779296,96093.87012207031,"[{'asset': USD, 'quantity': 96093.87012207031}, {'asset': SPY, 'quantity': 10.0}]",-0.00026082657691506306
2023-12-22 09:30:00-05:00,100832.46997558593,96093.87012207031,"[{'asset': USD, 'quantity': 96093.87012207031}, {'asset': SPY, 'quantity': 10.0}]",0.00025097409039487317
2023-12-23 09:30:00-05:00,100832.46997558593,96093.87012207031,"[{'asset': USD, 'quantity': 96093.87012207031}, {'asset': SPY, 'quantity': 10.0}]",0.0
2023-12-26 09:30:00-05:00,100834.5701953125,96093.87012207031,"[{'asset': USD, 'quantity': 96093.87012207031}, {'asset': SPY, 'quantity': 10.0}]",2.0828803728223377e-05
2023-12-27 09:30:00-05:00,100848.27014648437,96093.87012207031,"[{'asset': USD, 'quantity': 96093.87012207031}, {'asset': SPY, 'quantity': 10.0}]",0.00013586561776723904
2023-12-28 09:30:00-05:00,100862.67017089843,96093.87012207031,"[{'asset': USD, 'quantity': 96093.87012207031}, {'asset': SPY, 'quantity': 10.0}]",0.00014278900761666158
2023-12-29 09:30:00-05:00,100858.77002441406,96093.87012207031,"[{'asset': USD, 'quantity': 96093.87012207031}, {'asset': SPY, 'quantity': 10.0}]",-3.8667888503929326e-05
2023-12-30 09:30:00-05:00,100858.77002441406,96093.87012207031,"[{'asset': USD, 'quantity': 96093.87012207031}, {'asset': SPY, 'quantity': 10.0}]",0.0
2024-01-02 09:30:00-05:00,100815.4701586914,96093.87012207031,"[{'asset': USD, 'quantity': 96093.87012207031}, {'asset': SPY, 'quantity': 10.0}]",-0.00042931185569861086
2024-01-03 09:30:00-05:00,100798.17004882812,96093.87012207031,"[{'asset': USD, 'quantity': 96093.87012207031}, {'asset': SPY, 'quantity': 10.0}]",-0.00017160173767027942
2024-01-04 09:30:00-05:00,100776.87,96093.87012207031,"[{'asset': USD, 'quantity': 96093.87012207031}, {'asset': SPY, 'quantity': 10.0}]",-0.00021131384446571033
2024-01-05 09:30:00-05:00,100768.77002441406,96093.87012207031,"[{'asset': USD, 'quantity': 96093.87012207031}, {'asset': SPY, 'quantity': 10.0}]",-8.037534392502099e-05
2024-01-06 09:30:00-05:00,100768.77002441406,96093.87012207031,"[{'asset': USD, 'quantity': 96093.87012207031}, {'asset': SPY, 'quantity': 10.0}]",0.0
2024-01-08 09:30:00-05:00,100778.17004882812,96093.87012207031,"[{'asset': USD, 'quantity': 96093.87012207031}, {'asset': SPY, 'quantity': 10.0}]",9.328311154122026e-05
2024-01-09 09:30:00-05:00,100812.57007324218,96093.87012207031,"[{'asset': USD, 'quantity': 96093.87012207031}, {'asset': SPY, 'quantity': 10.0}]",0.0003413440073123386
2024-01-10 09:30:00-05:00,100835.4701586914,96093.87012207031,"[{'asset': USD, 'quantity': 96093.87012207031}, {'asset': SPY, 'quantity': 10.0}]",0.000227155060451123
2024-01-11 09:30:00-05:00,100869.77008544921,96093.87012207031,"[{'asset': USD, 'quantity': 96093.87012207031}, {'asset': SPY, 'quantity': 10.0}]",0.0003401573543895253
2024-01-12 09:30:00-05:00,100872.27008544921,96093.87012207031,"[{'asset': USD, 'quantity': 96093.87012207031}, {'asset': SPY, 'quantity': 10.0}]",2.4784432421043334e-05
2024-01-13 09:30:00-05:00,100872.27008544921,96093.87012207031,"[{'asset': USD, 'quantity': 96093.87012207031}, {'asset': SPY, 'quantity': 10.0}]",0.0
2024-01-16 09:30:00-05:00,100846.47021972656,96093.87012207031,"[{'asset': USD, 'quantity': 96093.87012207031}, {'asset': SPY, 'quantity': 10.0}]",-0.00025576767233259634
2024-01-17 09:30:00-05:00,100812.0701953125,96093.87012207031,"[{'asset': USD, 'quantity': 96093.87012207031}, {'asset': SPY, 'quantity': 10.0}]",-0.00034111282565574275
2024-01-18 09:30:00-05:00,100833.97021972656,96093.87012207031,"[{'asset': USD, 'quantity': 96093.87012207031}, {'asset': SPY, 'quantity': 10.0}]",0.00021723613424096122
2024-01-19 09:30:00-05:00,100870.37006103515,96093.87012207031,"[{'asset': USD, 'quantity': 96093.87012207031}, {'asset': SPY, 'quantity': 10.0}]",0.0003609878816561718
2024-01-20 09:30:00-05:00,100870.37006103515,96093.87012207031,"[{'asset': USD, 'quantity': 96093.87012207031}, {'asset': SPY, 'quantity': 10.0}]",0.0
2024-01-22 09:30:00-05:00,100933.97021972656,96093.87012207031,"[{'asset': USD, 'quantity': 96093.87012207031}, {'asset': SPY, 'quantity': 10.0}]",0.0006305137837099295
2024-01-23 09:30:00-05:00,100933.97021972656,96093.87012207031,"[{'asset': USD, 'quantity': 96093.87012207031}, {'asset': SPY, 'quantity': 10.0}]",0.0
2024-01-24 09:30:00-05:00,100971.97009765625,96093.87012207031,"[{'asset': USD, 'quantity': 96093.87012207031}, {'asset': SPY, 'quantity': 10.0}]",0.00037648254444921925
2024-01-25 09:30:00-05:00,100969.66998779296,96093.87012207031,"[{'asset': USD, 'quantity': 96093.87012207031}, {'asset': SPY, 'quantity': 10.0}]",-2.2779686887908213e-05
2024-01-26 09:30:00-05:00,100969.77008544921,96093.87012207031,"[{'asset': USD, 'quantity': 96093.87012207031}, {'asset': SPY, 'quantity': 10.0}]",9.91363607205642e-07
2024-01-27 09:30:00-05:00,100969.77008544921,96093.87012207031,"[{'asset': USD, 'quantity': 96093.87012207031}, {'asset': SPY, 'quantity': 10.0}]",0.0
2024-01-29 09:30:00-05:00,100971.17023193359,96093.87012207031,"[{'asset': USD, 'quantity': 96093.87012207031}, {'asset': SPY, 'quantity': 10.0}]",1.3866986952493221e-05
2024-01-30 09:30:00-05:00,100999.47009765625,96093.87012207031,"[{'asset': USD, 'quantity': 96093.87012207031}, {'asset': SPY, 'quantity': 10.0}]",0.00028027669341312844
2024-01-31 09:30:00-05:00,100980.07007324218,96093.87012207031,"[{'asset': USD, 'quantity': 96093.87012207031}, {'asset': SPY, 'quantity': 10.0}]",-0.00019208045740537472
2024-02-01 09:30:00-05:00,100940.17017089843,96093.87012207031,"[{'asset': USD, 'quantity': 96093.87012207031}, {'asset': SPY, 'quantity': 10.0}]",-0.00039512650679296435
2024-02-02 09:30:00-05:00,100990.37006103515,96093.87012207031,"[{'asset': USD, 'quantity': 96093.87012207031}, {'asset': SPY, 'quantity': 10.0}]",0.0004973232168294928
2024-02-03 09:30:00-05:00,100990.37006103515,96093.87012207031,"[{'asset': USD, 'quantity': 96093.87012207031}, {'asset': SPY, 'quantity': 10.0}]",0.0
2024-02-05 09:30:00-05:00,101030.87024414062,96093.87012207031,"[{'asset': USD, 'quantity': 96093.87012207031}, {'asset': SPY, 'quantity': 10.0}]",0.0004010301485279921
2024-02-06 09:30:00-05:00,101029.07001220703,96093.87012207031,"[{'asset': USD, 'quantity': 96093.87012207031}, {'asset': SPY, 'quantity': 10.0}]",-1.7818632357058384e-05
2024-02-07 09:30:00-05:00,101056.77020751953,96093.87012207031,"[{'asset': USD, 'quantity': 96093.87012207031}, {'asset': SPY, 'quantity': 10.0}]",0.0002741804443924245
2024-02-08 09:30:00-05:00,101074.87018310546,96093.87012207031,"[{'asset': USD, 'quantity': 96093.87012207031}, {'asset': SPY, 'quantity': 10.0}]",0.00017910700637635557
2024-02-09 09:30:00-05:00,101082.27008544921,96093.87012207031,"[{'asset': USD, 'quantity': 96093.87012207031}, {'asset': SPY, 'quantity': 10.0}]",7.32120885273968e-05
2024-02-10 09:30:00-05:00,101082.27008544921,96093.87012207031,"[{'asset': USD, 'quantity': 96093.87012207031}, {'asset': SPY, 'quantity': 10.0}]",0.0
2024-02-12 09:30:00-05:00,101105.57025634765,96093.87012207031,"[{'asset': USD, 'quantity': 96093.87012207031}, {'asset': SPY, 'quantity': 10.0}]",0.00023050700067117624
2024-02-13 09:30:00-05:00,101039.17010986328,96093.87012207031,"[{'asset': USD, 'quantity': 96093.87012207031}, {'asset': SPY, 'quantity': 10.0}]",-0.0006567407346205201
2024-02-14 09:30:00-05:00,101061.77020751953,96093.87012207031,"[{'asset': USD, 'quantity': 96093.87012207031}, {'asset': SPY, 'quantity': 10.0}]",0.00022367659623179215
2024-02-15 09:30:00-05:00,101086.77020751953,96093.87012207031,"[{'asset': USD, 'quantity': 96093.87012207031}, {'asset': SPY, 'quantity': 10.0}]",0.0002473734622763235
2024-02-16 09:30:00-05:00,101110.87024414062,96093.87012207031,"[{'asset': USD, 'quantity': 96093.87012207031}, {'asset': SPY, 'quantity': 10.0}]",0.0002384094038381246
2024-02-17 09:30:00-05:00,101110.87024414062,96093.87012207031,"[{'asset': USD, 'quantity': 96093.87012207031}, {'asset': SPY, 'quantity': 10.0}]",0.0
2024-02-20 09:30:00-05:00,101071.07013427734,96093.87012207031,"[{'asset': USD, 'quantity': 96093.87012207031}, {'asset': SPY, 'quantity': 10.0}]",-0.0003936283978881461
2024-02-21 09:30:00-05:00,101048.07025634765,96093.87012207031,"[{'asset': USD, 'quantity': 96093.87012207031}, {'asset': SPY, 'quantity': 10.0}]",-0.00022756143671109896
2024-02-22 09:30:00-05:00,101133.97021972656,96093.87012207031,"[{'asset': USD, 'quantity': 96093.87012207031}, {'asset': SPY, 'quantity': 10.0}]",0.0008500900923786858
2024-02-23 09:30:00-05:00,101186.57001220703,96093.87012207031,"[{'asset': USD, 'quantity': 96093.87012207031}, {'asset': SPY, 'quantity': 10.0}]",0.0005201001440582331
2024-02-24 09:30:00-05:00,101186.57001220703,96093.87012207031,"[{'asset': USD, 'quantity': 96093.87012207031}, {'asset': SPY, 'quantity': 10.0}]",0.0
2024-02-26 09:30:00-05:00,101176.87,96093.87012207031,"[{'asset': USD, 'quantity': 96093.87012207031}, {'asset': SPY, 'quantity': 10.0}]",-9.586264467564831e-05
2024-02-27 09:30:00-05:00,101160.87024414062,96093.87012207031,"[{'asset': USD, 'quantity': 96093.87012207031}, {'asset': SPY, 'quantity': 10.0}]",-0.00015813649759455206
2024-02-28 09:30:00-05:00,101147.16998779296,96093.87012207031,"[{'asset': USD, 'quantity': 96093.87012207031}, {'asset': SPY, 'quantity': 10.0}]",-0.00013543039235019982
2024-02-29 09:30:00-05:00,101174.5701953125,96093.87012207031,"[{'asset': USD, 'quantity': 96093.87012207031}, {'asset': SPY, 'quantity': 10.0}]",0.0002708944553053705
2024-03-01 09:30:00-05:00,101183.67023193359,96093.87012207031,"[{'asset': USD, 'quantity': 96093.87012207031}, {'asset': SPY, 'quantity': 10.0}]",8.994391183003714e-05
2024-03-02 09:30:00-05:00,101183.67023193359,96093.87012207031,"[{'asset': USD, 'quantity': 96093.87012207031}, {'asset': SPY, 'quantity': 10.0}]",0.0
2024-03-04 09:30:00-05:00,101214.17041503906,96093.87012207031,"[{'asset': USD, 'quantity': 96093.87012207031}, {'asset': SPY, 'quantity': 10.0}]",0.00030143384832315157
2024-03-05 09:30:00-05:00,101196.27002441406,96093.87012207031,"[{'asset': USD, 'quantity': 96093.87012207031}, {'asset': SPY, 'quantity': 10.0}]",-0.0001768565661467436
2024-03-06 09:30:00-05:00,101199.37,96093.87012207031,"[{'asset': USD, 'quantity': 96093.87012207031}, {'asset': SPY, 'quantity': 10.0}]",3.0633298887305926e-05
2024-03-07 09:30:00-05:00,101225.27026855468,96093.87012207031,"[{'asset': USD, 'quantity': 96093.87012207031}, {'asset': SPY, 'quantity': 10.0}]",0.00025593310071680975
2024-03-08 09:30:00-05:00,101248.47034179687,96093.87012207031,"[{'asset': USD, 'quantity': 96093.87012207031}, {'asset': SPY, 'quantity': 10.0}]",0.00022919250480279985
2024-03-09 09:30:00-05:00,101248.47034179687,96093.87012207031,"[{'asset': USD, 'quantity': 96093.87012207031}, {'asset': SPY, 'quantity': 10.0}]",0.0
2024-03-11 09:30:00-04:00,101228.37024414062,96093.87012207031,"[{'asset': USD, 'quantity': 96093.87012207031}, {'asset': SPY, 'quantity': 10.0}]",-0.00019852248224982993
2024-03-12 09:30:00-04:00,101264.96997558593,96093.87012207031,"[{'asset': USD, 'quantity': 96093.87012207031}, {'asset': SPY, 'quantity': 10.0}]",0.0003615560673064788
2024-03-13 09:30:00-04:00,101263.56982910156,96093.87012207031,"[{'asset': USD, 'quantity': 96093.87012207031}, {'asset': SPY, 'quantity': 10.0}]",-1.3826562973440204e-05
2024-03-14 09:30:00-04:00,101195.97003662109,96093.87012207031,"[{'asset': USD, 'quantity': 96093.87012207031}, {'asset': SPY, 'quantity': 10.0}]",-0.0006675628026402425
2024-03-15 09:30:00-04:00,101195.97003662109,96093.87012207031,"[{'asset': USD, 'quantity': 96093.87012207031}, {'asset': SPY, 'quantity': 10.0}]",0.0
2024-03-16 09:30:00-04:00,101195.97003662109,96093.87012207031,"[{'asset': USD, 'quantity': 96093.87012207031}, {'asset': SPY, 'quantity': 10.0}]",0.0
2024-03-18 09:30:00-04:00,101215.37036621093,96093.87012207031,"[{'asset': USD, 'quantity': 96093.87012207031}, {'asset': SPY, 'quantity': 10.0}]",0.00019171049581157007
2024-03-19 09:30:00-04:00,101251.57031738281,96093.87012207031,"[{'asset': USD, 'quantity': 96093.87012207031}, {'asset': SPY, 'quantity': 10.0}]",0.0003576527067075119
2024-03-20 09:30:00-04:00,101327.77026855468,96093.87012207031,"[{'asset': USD, 'quantity': 96093.87012207031}, {'asset': SPY, 'quantity': 10.0}]",0.0007525804383381463
2024-03-21 09:30:00-04:00,101314.96997558593,96093.87012207031,"[{'asset': USD, 'quantity': 96093.87012207031}, {'asset': SPY, 'quantity': 10.0}]",-0.00012632561572034628
2024-03-22 09:30:00-04:00,101314.96997558593,96093.87012207031,"[{'asset': USD, 'quantity': 96093.87012207031}, {'asset': SPY, 'quantity': 10.0}]",0.0
2024-03-23 09:30:00-04:00,101314.96997558593,96093.87012207031,"[{'asset': USD, 'quantity': 96093.87012207031}, {'asset': SPY, 'quantity': 10.0}]",0.0
2024-03-25 09:30:00-04:00,101306.16992675781,96093.87012207031,"[{'asset': USD, 'quantity': 96093.87012207031}, {'asset': SPY, 'quantity': 10.0}]",-8.685832735522148e-05
2024-03-26 09:30:00-04:00,101310.97034179687,96093.87012207031,"[{'asset': USD, 'quantity': 96093.87012207031}, {'asset': SPY, 'quantity': 10.0}]",4.738521891156644e-05
2024-03-27 09:30:00-04:00,101325.97034179687,96093.87012207031,"[{'asset': USD, 'quantity': 96093.87012207031}, {'asset': SPY, 'quantity': 10.0}]",0.00014805899054559646
2024-03-28 09:30:00-04:00,101325.97034179687,96093.87012207031,"[{'asset': USD, 'quantity': 96093.87012207031}, {'asset': SPY, 'quantity': 10.0}]",0.0
2024-03-29 09:30:00-04:00,101325.97034179687,96093.87012207031,"[{'asset': USD, 'quantity': 96093.87012207031}, {'asset': SPY, 'quantity': 10.0}]",0.0
2024-04-01 09:30:00-04:00,101276.27002441406,96093.87012207031,"[{'asset': USD, 'quantity': 96093.87012207031}, {'asset': SPY, 'quantity': 10.0}]",-0.0004904992986018986
2024-04-02 09:30:00-04:00,101271.06982910156,96093.87012207031,"[{'asset': USD, 'quantity': 96093.87012207031}, {'asset': SPY, 'quantity': 10.0}]",-5.134663145911489e-05
2024-04-03 09:30:00-04:00,101329.07031738281,96093.87012207031,"[{'asset': USD, 'quantity': 96093.87012207031}, {'asset': SPY, 'quantity': 10.0}]",0.0005727251462745997
2024-04-04 09:30:00-04:00,101238.47034179687,96093.87012207031,"[{'asset': USD, 'quantity': 96093.87012207031}, {'asset': SPY, 'quantity': 10.0}]",-0.0008941163212310421
2024-04-05 09:30:00-04:00,101238.47034179687,96093.87012207031,"[{'asset': USD, 'quantity': 96093.87012207031}, {'asset': SPY, 'quantity': 10.0}]",0.0
2024-04-06 09:30:00-04:00,101238.47034179687,96093.87012207031,"[{'asset': USD, 'quantity': 96093.87012207031}, {'asset': SPY, 'quantity': 10.0}]",0.0
2024-04-08 09:30:00-04:00,101298.87012207031,96093.87012207031,"[{'asset': USD, 'quantity': 96093.87012207031}, {'asset': SPY, 'quantity': 10.0}]",0.0005966089774915861
2024-04-09 09:30:00-04:00,101228.66992675781,96093.87012207031,"[{'asset': USD, 'quantity': 96093.87012207031}, {'asset': SPY, 'quantity': 10.0}]",-0.0006930007731370535
2024-04-10 09:30:00-04:00,101250.67004882812,96093.87012207031,"[{'asset': USD, 'quantity': 96093.87012207031}, {'asset': SPY, 'quantity': 10.0}]",0.00021733094079201543
2024-04-11 09:30:00-04:00,101237.57007324218,96093.87012207031,"[{'asset': USD, 'quantity': 96093.87012207031}, {'asset': SPY, 'quantity': 10.0}]",-0.00012938161870557074
2024-04-12 09:30:00-04:00,101237.57007324218,96093.87012207031,"[{'asset': USD, 'quantity': 96093.87012207031}, {'asset': SPY, 'quantity': 10.0}]",0.0
2024-04-13 09:30:00-04:00,101237.57007324218,96093.87012207031,"[{'asset': USD, 'quantity': 96093.87012207031}, {'asset': SPY, 'quantity': 10.0}]",0.0
2024-04-15 09:30:00-04:00,101143.27014648437,96093.87012207031,"[{'asset': USD, 'quantity': 96093.87012207031}, {'asset': SPY, 'quantity': 10.0}]",-0.0009314716531578782
2024-04-16 09:30:00-04:00,101154.37,96093.87012207031,"[{'asset': USD, 'quantity': 96093.87012207031}, {'asset': SPY, 'quantity': 10.0}]",0.00010974386629536426
2024-04-17 09:30:00-04:00,101113.67023193359,96093.87012207031,"[{'asset': USD, 'quantity': 96093.87012207031}, {'asset': SPY, 'quantity': 10.0}]",-0.0004023530379004825
2024-04-18 09:30:00-04:00,101088.27014648437,96093.87012207031,"[{'asset': USD, 'quantity': 96093.87012207031}, {'asset': SPY, 'quantity': 10.0}]",-0.00025120327835947975
2024-04-19 09:30:00-04:00,101088.27014648437,96093.87012207031,"[{'asset': USD, 'quantity': 96093.87012207031}, {'asset': SPY, 'quantity': 10.0}]",0.0
2024-04-20 09:30:00-04:00,101088.27014648437,96093.87012207031,"[{'asset': USD, 'quantity': 96093.87012207031}, {'asset': SPY, 'quantity': 10.0}]",0.0
2024-04-22 09:30:00-04:00,101111.67010986328,96093.87012207031,"[{'asset': USD, 'quantity': 96093.87012207031}, {'asset': SPY, 'quantity': 10.0}]",0.00023148050060606273
2024-04-23 09:30:00-04:00,101159.47009765625,96093.87012207031,"[{'asset': USD, 'quantity': 96093.87012207031}, {'asset': SPY, 'quantity': 10.0}]",0.0004727445184222745
2024-04-24 09:30:00-04:00,101085.67004882812,96093.87012207031,"[{'asset': USD, 'quantity': 96093.87012207031}, {'asset': SPY, 'quantity': 10.0}]",-0.0007295416707588931
2024-04-25 09:30:00-04:00,101157.37018310546,96093.87012207031,"[{'asset': USD, 'quantity': 96093.87012207031}, {'asset': SPY, 'quantity': 10.0}]",0.0007093006777589839
2024-04-26 09:30:00-04:00,101157.37018310546,96093.87012207031,"[{'asset': USD, 'quantity': 96093.87012207031}, {'asset': SPY, 'quantity': 10.0}]",0.0
2024-04-27 09:30:00-04:00,101157.37018310546,96093.87012207031,"[{'asset': USD, 'quantity': 96093.87012207031}, {'asset': SPY, 'quantity': 10.0}]",0.0
2024-04-29 09:30:00-04:00,101179.47009765625,96093.87012207031,"[{'asset': USD, 'quantity': 96093.87012207031}, {'asset': SPY, 'quantity': 10.0}]",0.000218470631559331
2024-04-30 09:30:00-04:00,101107.67017089843,96093.87012207031,"[{'asset': USD, 'quantity': 96093.87012207031}, {'asset': SPY, 'quantity': 10.0}]",-0.0007096294009892867
2024-05-01 09:30:00-04:00,101135.37006103515,96093.87012207031,"[{'asset': USD, 'quantity': 96093.87012207031}, {'asset': SPY, 'quantity': 10.0}]",0.0002739642807503273
2024-05-02 09:30:00-04:00,101205.4701586914,96093.87012207031,"[{'asset': USD, 'quantity': 96093.87012207031}, {'asset': SPY, 'quantity': 10.0}]",0.0006931313704983122
2024-05-03 09:30:00-04:00,101205.4701586914,96093.87012207031,"[{'asset': USD, 'quantity': 96093.87012207031}, {'asset': SPY, 'quantity': 10.0}]",0.0
2024-05-04 09:30:00-04:00,101205.4701586914,96093.87012207031,"[{'asset': USD, 'quantity': 96093.87012207031}, {'asset': SPY, 'quantity': 10.0}]",0.0
2024-05-06 09:30:00-04:00,101269.47009765625,96093.87012207031,"[{'asset': USD, 'quantity': 96093.87012207031}, {'asset': SPY, 'quantity': 10.0}]",0.0006323762822748602
2024-05-07 09:30:00-04:00,101246.47021972656,96093.87012207031,"[{'asset': USD, 'quantity': 96093.87012207031}, {'asset': SPY, 'quantity': 10.0}]",-0.00022711561448385265
2024-05-08 09:30:00-04:00,101267.67017089843,96093.87012207031,"[{'asset': USD, 'quantity': 96093.87012207031}, {'asset': SPY, 'quantity': 10.0}]",0.00020938953353999423
2024-05-09 09:30:00-04:00,101311.97009765625,96093.87012207031,"[{'asset': USD, 'quantity': 96093.87012207031}, {'asset': SPY, 'quantity': 10.0}]",0.00043745379629100967
2024-05-10 09:30:00-04:00,101311.97009765625,96093.87012207031,"[{'asset': USD, 'quantity': 96093.87012207031}, {'asset': SPY, 'quantity': 10.0}]",0.0
2024-05-11 09:30:00-04:00,101311.97009765625,96093.87012207031,"[{'asset': USD, 'quantity': 96093.87012207031}, {'asset': SPY, 'quantity': 10.0}]",0.0
2024-05-13 09:30:00-04:00,101304.96997558593,96093.87012207031,"[{'asset': USD, 'quantity': 96093.87012207031}, {'asset': SPY, 'quantity': 10.0}]",-6.909471865534922e-05
2024-05-14 09:30:00-04:00,101352.17029296875,96093.87012207031,"[{'asset': USD, 'quantity': 96093.87012207031}, {'asset': SPY, 'quantity': 10.0}]",0.0004659230183294838
2024-05-15 09:30:00-04:00,101392.67017089843,96093.87012207031,"[{'asset': USD, 'quantity': 96093.87012207031}, {'asset': SPY, 'quantity': 10.0}]",0.0003995955667512874
2024-05-16 09:30:00-04:00,101381.97009765625,96093.87012207031,"[{'asset': USD, 'quantity': 96093.87012207031}, {'asset': SPY, 'quantity': 10.0}]",-0.00010553103320143364
2024-05-17 09:30:00-04:00,101381.97009765625,96093.87012207031,"[{'asset': USD, 'quantity': 96093.87012207031}, {'asset': SPY, 'quantity': 10.0}]",0.0
2024-05-18 09:30:00-04:00,101381.97009765625,96093.87012207031,"[{'asset': USD, 'quantity': 96093.87012207031}, {'asset': SPY, 'quantity': 10.0}]",0.0
2024-05-20 09:30:00-04:00,101386.67041503906,96093.87012207031,"[{'asset': USD, 'quantity': 96093.87012207031}, {'asset': SPY, 'quantity': 10.0}]",4.636245851497023e-05
2024-05-21 09:30:00-04:00,101400.37036621093,96093.87012207031,"[{'asset': USD, 'quantity': 96093.87012207031}, {'asset': SPY, 'quantity': 10.0}]",0.00013512576274377075
2024-05-22 09:30:00-04:00,101423.47034179687,96093.87012207031,"[{'asset': USD, 'quantity': 96093.87012207031}, {'asset': SPY, 'quantity': 10.0}]",0.00022780957803725244
2024-05-23 09:30:00-04:00,101372.36987792968,96093.87012207031,"[{'asset': USD, 'quantity': 96093.87012207031}, {'asset': SPY, 'quantity': 10.0}]",-0.0005038327291994049
2024-05-24 09:30:00-04:00,101372.36987792968,96093.87012207031,"[{'asset': USD, 'quantity': 96093.87012207031}, {'asset': SPY, 'quantity': 10.0}]",0.0
2024-05-25 09:30:00-04:00,101372.36987792968,96093.87012207031,"[{'asset': USD, 'quantity': 96093.87012207031}, {'asset': SPY, 'quantity': 10.0}]",0.0
2024-05-28 09:30:00-04:00,101350.67004882812,96093.87012207031,"[{'asset': USD, 'quantity': 96093.87012207031}, {'asset': SPY, 'quantity': 10.0}]",-0.00021406058798556504
2024-05-29 09:30:00-04:00,101339.07031738281,96093.87012207031,"[{'asset': USD, 'quantity': 96093.87012207031}, {'asset': SPY, 'quantity': 10.0}]",-0.00011445145295763126
